solver, length, nbInv, TotalTime, SolverTotalTime, SolverNodes, SolverTimeOut, SavileRowTotalTime, SolverSolutionsFound, SolverSetupTime, SATClauses, SolverSatisfiable, SolverMemOut, SavileRowTimeOut, SolverSolveTime, SavileRowClauseOut, SATVars
minionseq, 04, 004, 0.307004, 0.003004, 13, 0, 0.304, 5, 0.000207, NA, 1, NA, 0, 0.000136, 0, NA
nbcsat, 04, 002, 0.148, 0.00, 20, 0, 0.148, 5, NA, 155, 1, 0, 0, NA, 0, 34
minionseq, 02, 001, 0.079, 0, 1, 0, 0.079, 1, 0, NA, 1, NA, 0, 0, 0, NA
nbcsat, 04, 003, 0.17300000000000001, 0.00, 24, 0, 0.17300000000000001, 6, NA, 182, 1, 0, 0, NA, 0, 38
nbcsat, 06, 014, 0.343, 0.00, 12, 0, 0.343, 5, NA, 88, 1, 0, 0, NA, 0, 23
nbcsat, 06, 004, 0.34500000000000003, 0.00, 144, 0, 0.34500000000000003, 20, NA, 689, 1, 0, 0, NA, 0, 113
nbcsat, 06, 001, 0.329, 0.00, 4, 0, 0.329, 2, NA, 16, 1, 0, 0, NA, 0, 6
nbcsat, 05, 006, 0.275, 0.00, 84, 0, 0.275, 20, NA, 401, 1, 0, 0, NA, 0, 73
nbcsat, 04, 000, 0.199, 0.00, 1, 0, 0.199, 1, NA, 0, 1, 0, 0, NA, 0, 0
nbcsat, 05, 009, 0.269, 0.00, 8, 0, 0.269, 4, NA, 64, 1, 0, 0, NA, 0, 17
minionseq, 04, 005, 0.207113, 0.001113, 6, 0, 0.206, 3, 0, NA, 1, NA, 0, 2.6e-05, 0, NA
nbcsat, 07, 001, 0.71, 0.00, 4, 0, 0.71, 2, NA, 16, 1, 0, 0, NA, 0, 6
nbcsat, 06, 000, 0.474, 0.00, 1, 0, 0.474, 1, NA, 0, 1, 0, 0, NA, 0, 0
minionseq, 04, 006, 0.249, 0, 1, 0, 0.249, 1, 0, NA, 1, NA, 0, 0, 0, NA
nbcsat, 06, 006, 0.625, 0.01, 342, 0, 0.615, 51, NA, 745, 1, 0, 0, NA, 0, 119
minionseq, 04, 000, 0.257837, 0.000837, 1, 0, 0.257, 1, 1.6e-05, NA, 1, NA, 0, 1.8e-05, 0, NA
nbcsat, 07, 002, 0.869, 0.00, 42, 0, 0.869, 5, NA, 803, 1, 0, 0, NA, 0, 149
minionseq, 07, 011, 0.79808, 0.11608, 2875, 0, 0.682, 321, 0.000541, NA, 1, NA, 0, 0.02296, 0, NA
nbcsat, 08, 008, 1.106, 0.07, 1643, 0, 1.036, 171, NA, 1887, 1, 0, 0, NA, 0, 296
minionseq, 05, 007, 0.41630700000000004, 0.018307, 51, 0, 0.398, 15, 8.3e-05, NA, 1, NA, 0, 0.000429, 0, NA
nbcsat, 09, 007, 1.5270000000000001, 0.05, 1091, 0, 1.477, 110, NA, 2555, 1, 0, 0, NA, 0, 371
nbcsat, 03, 002, 0.275, 0.00, 4, 0, 0.275, 2, NA, 27, 1, 0, 0, NA, 0, 8
nbcsat, 08, 011, 1.468, 0.18, 4564, 0, 1.288, 568, NA, 1926, 1, 0, 0, NA, 0, 299
minionseq, 08, 007, 1.4795669999999999, 0.295567, 6953, 0, 1.184, 106, 0, NA, 1, NA, 0, 0.086002, 0, NA
minionseq, 07, 013, 0.955734, 0.124734, 2723, 0, 0.831, 347, 0.000578, NA, 1, NA, 0, 0.022338, 0, NA
nbcsat, 07, 005, 0.9390000000000001, 0.01, 371, 0, 0.929, 36, NA, 1153, 1, 0, 0, NA, 0, 199
nbcsat, 06, 007, 0.741, 0.01, 367, 0, 0.731, 67, NA, 751, 1, 0, 0, NA, 0, 120
minionseq, 09, 034, 1.700203, 0.057203, 123, 0, 1.643, 35, 0.000383, NA, 1, NA, 0, 0.001026, 0, NA
nbcsat, 08, 006, 1.451, 0.03, 661, 0, 1.421, 65, NA, 1757, 1, 0, 0, NA, 0, 284
nbcsat, 09, 005, 1.699, 0.02, 608, 0, 1.679, 36, NA, 2319, 1, 0, 0, NA, 0, 339
minionseq, 06, 007, 0.704164, 0.050164, 471, 0, 0.654, 67, 0.000402, NA, 1, NA, 0, 0.00397, 0, NA
nbcsat, 07, 018, 0.9540000000000001, 0.01, 229, 0, 0.9440000000000001, 49, NA, 1105, 1, 0, 0, NA, 0, 197
nbcsat, 06, 010, 0.7430000000000001, 0.01, 336, 0, 0.7330000000000001, 68, NA, 745, 1, 0, 0, NA, 0, 120
minionseq, 08, 010, 1.581116, 0.357116, 12358, 0, 1.224, 397, 0.000753, NA, 1, NA, 0, 0.155893, 0, NA
minionseq, 08, 008, 1.666864, 0.305864, 8769, 0, 1.361, 171, 0.000772, NA, 1, NA, 0, 0.108415, 0, NA
minionseq, 06, 011, 0.799614, 0.049614, 241, 0, 0.75, 49, 0.000349, NA, 1, NA, 0, 0.001796, 0, NA
nbcsat, 06, 011, 0.89, 0.00, 233, 0, 0.89, 49, NA, 702, 1, 0, 0, NA, 0, 116
minionseq, 06, 001, 0.6739670000000001, 0.000967, 4, 0, 0.673, 2, 0, NA, 1, NA, 0, 0, 0, NA
minionseq, 08, 011, 1.655641, 0.362641, 14075, 0, 1.293, 568, 0.000801, NA, 1, NA, 0, 0.163773, 0, NA
minionseq, 07, 000, 0.9300550000000001, 0.001055, 1, 0, 0.929, 1, 4.2e-05, NA, 1, NA, 0, 4.1e-05, 0, NA
nbcsat, 07, 008, 1.078, 0.04, 1115, 0, 1.038, 148, NA, 1255, 1, 0, 0, NA, 0, 221
nbcsat, 08, 005, 1.5210000000000001, 0.01, 389, 0, 1.5110000000000001, 36, NA, 1666, 1, 0, 0, NA, 0, 264
nbcsat, 07, 003, 0.991, 0.00, 102, 0, 0.991, 10, NA, 983, 1, 0, 0, NA, 0, 181
nbcsat, 04, 004, 0.434, 0.00, 21, 0, 0.434, 5, NA, 155, 1, 0, 0, NA, 0, 34
minionseq, 09, 035, 1.714772, 0.004772, 16, 0, 1.71, 8, 0.000249, NA, 1, NA, 0, 0.000178, 0, NA
nbcsat, 02, 000, 0.195, 0.00, 1, 0, 0.195, 1, NA, 0, 1, 0, 0, NA, 0, 0
nbcsat, 06, 009, 0.8170000000000001, 0.01, 397, 0, 0.807, 80, NA, 749, 1, 0, 0, NA, 0, 120
nbcsat, 05, 004, 0.581, 0.00, 81, 0, 0.581, 16, NA, 401, 1, 0, 0, NA, 0, 73
minionseq, 08, 002, 1.433512, 0.003512, 20, 0, 1.43, 5, 0.00025, NA, 1, NA, 0, 0.000146, 0, NA
nbcsat, 09, 010, 2.198, 0.24, 4782, 0, 1.958, 443, NA, 2739, 1, 0, 0, NA, 0, 385
minionseq, 10, 004, 2.7848640000000002, 0.099864, 199, 0, 2.685, 20, 0, NA, 1, NA, 0, 0.000856, 0, NA
minionseq, 05, 008, 0.506444, 0.006444, 25, 0, 0.5, 9, 8.7e-05, NA, 1, NA, 0, 0.000192, 0, NA
minionseq, 08, 023, 2.057299, 0.249299, 4427, 0, 1.808, 338, 0.000134, NA, 1, NA, 0, 0.045021, 0, NA
nbcsat, 10, 004, 2.6049999999999995, 0.01, 255, 0, 2.5949999999999998, 20, NA, 2947, 1, 0, 0, NA, 0, 413
nbcsat, 06, 003, 0.745, 0.00, 79, 0, 0.745, 10, NA, 622, 1, 0, 0, NA, 0, 105
minionseq, 01, 000, 0.192, 0, 1, 0, 0.192, 1, 0, NA, 1, NA, 0, 0, 0, NA
minionseq, 06, 014, 0.600178, 0.002178, 10, 0, 0.598, 5, 0.000141, NA, 1, NA, 0, 0.000101, 0, NA
minionseq, 05, 009, 0.441097, 0.002097, 8, 0, 0.439, 4, 0.00024, NA, 1, NA, 0, 0.000107, 0, NA
minionseq, 09, 004, 2.382514, 0.137514, 211, 0, 2.245, 20, 0.000268, NA, 1, NA, 0, 0.001016, 0, NA
minionseq, 09, 033, 2.385886, 0.173886, 612, 0, 2.212, 111, 0.000546, NA, 1, NA, 0, 0.005112, 0, NA
nbcsat, 08, 003, 1.5, 0.01, 171, 0, 1.49, 10, NA, 1401, 1, 0, 0, NA, 0, 237
nbcsat, 09, 002, 1.906, 0.00, 70, 0, 1.906, 5, NA, 1595, 1, 0, 0, NA, 0, 255
nbcsat, 08, 026, 1.538, 0.00, 107, 0, 1.538, 27, NA, 1483, 1, 0, 0, NA, 0, 240
nbcsat, 08, 027, 1.44, 0.00, 16, 0, 1.44, 7, NA, 140, 1, 0, 0, NA, 0, 36
nbcsat, 06, 005, 0.773, 0.00, 223, 0, 0.773, 32, NA, 737, 1, 0, 0, NA, 0, 118
nbcsat, 10, 008, 2.8, 0.11, 1913, 0, 2.69, 185, NA, 3608, 1, 0, 0, NA, 0, 480
minionseq, 07, 007, 1.233152, 0.118152, 1978, 0, 1.115, 96, 0.000589, NA, 1, NA, 0, 0.019709, 0, NA
minionseq, 07, 012, 1.135975, 0.119975, 2863, 0, 1.016, 351, 0.000532, NA, 1, NA, 0, 0.027498, 0, NA
minionseq, 03, 001, 0.254, 0, 3, 0, 0.254, 2, 0, NA, 1, NA, 0, 0, 0, NA
minionseq, 08, 012, 1.600829, 0.401829, 15672, 0, 1.199, 784, 0, NA, 1, NA, 0, 0.196699, 0, NA
nbcsat, 09, 009, 2.626, 0.17, 3370, 0, 2.456, 286, NA, 2707, 1, 0, 0, NA, 0, 383
minionseq, 09, 031, 3.148469, 0.480469, 11547, 0, 2.668, 622, 0.000568, NA, 1, NA, 0, 0.130415, 0, NA
minionseq, 10, 002, 2.485363, 0.003363, 20, 0, 2.482, 5, 0.000264, NA, 1, NA, 0, 0.000111, 0, NA
nbcsat, 07, 006, 1.043, 0.02, 586, 0, 1.023, 61, NA, 1217, 1, 0, 0, NA, 0, 217
nbcsat, 05, 003, 0.502, 0.00, 53, 0, 0.502, 10, NA, 357, 1, 0, 0, NA, 0, 67
minionseq, 10, 025, 16.4788, 12.9438, 896404, 0, 3.535, 37862, 0.001907, NA, 1, NA, 0, 12.2356, 0, NA
nbcsat, 07, 020, 0.976, 0.00, 14, 0, 0.976, 6, NA, 113, 1, 0, 0, NA, 0, 29
nbcsat, 03, 003, 0.266, 0.00, 1, 0, 0.266, 1, NA, 0, 1, 0, 0, NA, 0, 0
minionseq, 04, 001, 0.35156699999999996, 0.001567, 4, 0, 0.35, 2, 0.000446, NA, 1, NA, 0, 5e-05, 0, NA
nbcsat, 10, 031, 76.11600000000001, 11.37, 209773, 0, 64.74600000000001, 40194, NA, 4018, 1, 0, 0, NA, 0, 507
nbcsat, 09, 034, 2.1199999999999997, 0.01, 157, 0, 2.11, 35, NA, 2189, 1, 0, 0, NA, 0, 321
nbcsat, 08, 022, 2.245, 0.10, 2412, 0, 2.145, 574, NA, 1851, 1, 0, 0, NA, 0, 296
minionseq, 08, 004, 1.933774, 0.127774, 195, 0, 1.806, 20, 0, NA, 1, NA, 0, 0.001523, 0, NA
nbcsat, 09, 035, 1.983, 0.00, 20, 0, 1.983, 8, NA, 169, 1, 0, 0, NA, 0, 43
nbcsat, 10, 011, 4.033, 0.45, 7554, 0, 3.583, 714, NA, 3827, 1, 0, 0, NA, 0, 495
minionseq, 10, 000, 2.515, 0, 1, 0, 2.515, 1, 0, NA, 1, NA, 0, 0, 0, NA
nbcsat, 09, 033, 2.223, 0.02, 476, 0, 2.203, 111, NA, 2426, 1, 0, 0, NA, 0, 353
minionseq, 03, 000, 0.337046, 0.001046, 1, 0, 0.336, 1, 2.9e-05, NA, 1, NA, 0, 3.6e-05, 0, NA
minionseq, 07, 021, 0.975128, 0.001128, 1, 0, 0.974, 1, 4.8e-05, NA, 1, NA, 0, 5e-05, 0, NA
nbcsat, 09, 032, 2.3920000000000003, 0.06, 1268, 0, 2.3320000000000003, 285, NA, 2566, 1, 0, 0, NA, 0, 365
minionseq, 10, 041, 4.021039, 0.397039, 3991, 0, 3.624, 440, 0.000668, NA, 1, NA, 0, 0.038607, 0, NA
minionseq, 08, 003, 1.375663, 0.031663, 59, 0, 1.344, 10, 0.000378, NA, 1, NA, 0, 0.000622, 0, NA
nbcsat, 10, 025, 74.18, 10.89, 228738, 0, 63.29, 37862, NA, 4081, 1, 0, 0, NA, 0, 507
minionseq, 09, 000, 1.8492430000000002, 0.001243, 1, 0, 1.848, 1, 1.6e-05, NA, 1, NA, 0, 0.00028, 0, NA
nbcsat, 09, 011, 3.035, 0.33, 6688, 0, 2.705, 664, NA, 2769, 1, 0, 0, NA, 0, 387
nbcsat, 07, 010, 1.53, 0.06, 1830, 0, 1.47, 268, NA, 1261, 1, 0, 0, NA, 0, 221
minionseq, 08, 028, 1.418031, 0.001031, 1, 0, 1.417, 1, 4.3e-05, NA, 1, NA, 0, 4.4e-05, 0, NA
nbcsat, 04, 005, 0.426, 0.00, 6, 0, 0.426, 3, NA, 41, 1, 0, 0, NA, 0, 11
nbcsat, 07, 004, 1.077, 0.01, 199, 0, 1.067, 20, NA, 1080, 1, 0, 0, NA, 0, 192
nbcsat, 05, 010, 0.474, 0.00, 1, 0, 0.474, 1, NA, 0, 1, 0, 0, NA, 0, 0
nbcsat, 10, 007, 3.136, 0.08, 1354, 0, 3.056, 110, NA, 3455, 1, 0, 0, NA, 0, 468
minionseq, 07, 016, 1.449627, 0.111627, 1465, 0, 1.338, 165, 0.000536, NA, 1, NA, 0, 0.013261, 0, NA
minionseq, 05, 006, 0.543392, 0.020392, 86, 0, 0.523, 20, 0.000206, NA, 1, NA, 0, 0.000606, 0, NA
minionseq, 04, 003, 0.377762, 0.003762, 19, 0, 0.374, 6, 0.000161, NA, 1, NA, 0, 0.000106, 0, NA
nbcsat, 08, 015, 5.283999999999999, 0.39, 9846, 0, 4.893999999999999, 1478, NA, 1938, 1, 0, 0, NA, 0, 300
minionseq, 05, 004, 0.5605060000000001, 0.020506, 84, 0, 0.54, 16, 8.1e-05, NA, 1, NA, 0, 0.00058, 0, NA
minionseq, 06, 004, 1.048128, 0.051128, 169, 0, 0.997, 20, 0.000446, NA, 1, NA, 0, 0.001515, 0, NA
minionseq, 07, 019, 1.273108, 0.023108, 64, 0, 1.25, 20, 0.000299, NA, 1, NA, 0, 0.000493, 0, NA
minionseq, 09, 002, 1.869448, 0.002448, 20, 0, 1.867, 5, 0.000216, NA, 1, NA, 0, 0.000121, 0, NA
nbcsat, 08, 023, 1.8050000000000002, 0.06, 1496, 0, 1.745, 338, NA, 1799, 1, 0, 0, NA, 0, 280
nbcsat, 08, 010, 1.881, 0.15, 3627, 0, 1.731, 397, NA, 1915, 1, 0, 0, NA, 0, 298
minionseq, 07, 009, 1.180337, 0.128337, 2561, 0, 1.052, 208, 0.000564, NA, 1, NA, 0, 0.026785, 0, NA
nbcsat, 08, 004, 1.5619999999999998, 0.01, 212, 0, 1.5519999999999998, 20, NA, 1575, 1, 0, 0, NA, 0, 256
nbcsat, 08, 025, 1.777, 0.01, 315, 0, 1.767, 76, NA, 1660, 1, 0, 0, NA, 0, 268
nbcsat, 07, 007, 1.51, 0.03, 841, 0, 1.48, 96, NA, 1237, 1, 0, 0, NA, 0, 219
minionseq, 09, 036, 2.0269369999999998, 0.000937, 1, 0, 2.026, 1, 1.8e-05, NA, 1, NA, 0, 1.4e-05, 0, NA
nbcsat, 07, 012, 1.236, 0.06, 1842, 0, 1.176, 351, NA, 1259, 1, 0, 0, NA, 0, 221
nbcsat, 09, 000, 1.999, 0.00, 1, 0, 1.999, 1, NA, 0, 1, 0, 0, NA, 0, 0
nbcsat, 08, 028, 1.386, 0.00, 1, 0, 1.386, 1, NA, 0, 1, 0, 0, NA, 0, 0
minionseq, 10, 009, 5.88479, 3.11279, 125048, 0, 2.772, 296, 0.001656, NA, 1, NA, 0, 2.38147, 0, NA
nbcsat, 10, 000, 2.595, 0.00, 1, 0, 2.595, 1, NA, 0, 1, 0, 0, NA, 0, 0
minionseq, 08, 014, 1.875507, 0.420507, 18040, 0, 1.455, 1264, 0.000242, NA, 1, NA, 0, 0.218466, 0, NA
nbcsat, 06, 012, 0.788, 0.00, 118, 0, 0.788, 29, NA, 662, 1, 0, 0, NA, 0, 112
minionseq, 08, 005, 2.160518, 0.227518, 1738, 0, 1.933, 36, 0.000402, NA, 1, NA, 0, 0.024644, 0, NA
minionseq, 08, 006, 2.125126, 0.280126, 4831, 0, 1.845, 65, 0.000733, NA, 1, NA, 0, 0.068697, 0, NA
nbcsat, 09, 006, 2.342, 0.03, 689, 0, 2.3120000000000003, 65, NA, 2439, 1, 0, 0, NA, 0, 361
minionseq, 03, 003, 0.29394, 0.00094, 1, 0, 0.293, 1, 1.5e-05, NA, 1, NA, 0, 1.5e-05, 0, NA
minionseq, 08, 001, 1.447056, 0.001056, 4, 0, 1.446, 2, 5.2e-05, NA, 1, NA, 0, 8.2e-05, 0, NA
minionseq, 08, 022, 1.8984230000000002, 0.282423, 7293, 0, 1.616, 574, 0.0008, NA, 1, NA, 0, 0.077427, 0, NA
nbcsat, 10, 032, 66.33399999999999, 8.10, 167203, 0, 58.233999999999995, 35164, NA, 4004, 1, 0, 0, NA, 0, 507
minionseq, 08, 015, 1.815575, 0.427575, 18513, 0, 1.388, 1478, 0.000789, NA, 1, NA, 0, 0.220852, 0, NA
nbcsat, 09, 012, 4.764, 0.46, 9438, 0, 4.304, 985, NA, 2797, 1, 0, 0, NA, 0, 389
minionseq, 07, 018, 1.242968, 0.067968, 211, 0, 1.175, 49, 0.000236, NA, 1, NA, 0, 0.001557, 0, NA
minionseq, 08, 018, 1.428791, 0.372791, 16695, 0, 1.056, 1619, 0.000641, NA, 1, NA, 0, 0.181229, 0, NA
nbcsat, 05, 007, 0.512, 0.00, 59, 0, 0.512, 15, NA, 367, 1, 0, 0, NA, 0, 69
nbcsat, 08, 017, 6.365, 0.39, 9404, 0, 5.9750000000000005, 1681, NA, 1930, 1, 0, 0, NA, 0, 300
minionseq, 06, 012, 0.919083, 0.039083, 110, 0, 0.88, 29, 0, NA, 1, NA, 0, 0, 0, NA
minionseq, 08, 024, 2.093133, 0.156133, 1150, 0, 1.937, 174, 0.000128, NA, 1, NA, 0, 0.008499, 0, NA
minionseq, 06, 002, 0.6210019999999999, 0.003002, 20, 0, 0.618, 5, 0, NA, 1, NA, 0, 7.4e-05, 0, NA
nbcsat, 03, 001, 0.28400000000000003, 0.00, 3, 0, 0.28400000000000003, 2, NA, 23, 1, 0, 0, NA, 0, 7
nbcsat, 08, 007, 1.8090000000000002, 0.04, 983, 0, 1.7690000000000001, 106, NA, 1842, 1, 0, 0, NA, 0, 292
minionseq, 10, 006, 5.83875, 1.07775, 17047, 0, 4.761, 65, 0.001431, NA, 1, NA, 0, 0.363829, 0, NA
nbcsat, 07, 011, 1.2850000000000001, 0.07, 2021, 0, 1.215, 321, NA, 1261, 1, 0, 0, NA, 0, 221
nbcsat, 05, 001, 0.459, 0.00, 4, 0, 0.459, 2, NA, 16, 1, 0, 0, NA, 0, 6
nbcsat, 07, 015, 1.411, 0.04, 1065, 0, 1.371, 241, NA, 1244, 1, 0, 0, NA, 0, 221
nbcsat, 08, 016, 6.754999999999999, 0.43, 10110, 0, 6.324999999999999, 1628, NA, 1935, 1, 0, 0, NA, 0, 300
minionseq, 10, 007, 6.045170000000001, 1.64517, 43757, 0, 4.4, 110, 0.001686, NA, 1, NA, 0, 0.911256, 0, NA
minionseq, 10, 024, 17.2063, 14.1893, 878496, 0, 3.017, 33300, 0.000802, NA, 1, NA, 0, 13.5133, 0, NA
minionseq, 07, 001, 0.925389, 0.001389, 4, 0, 0.924, 2, 0.000211, NA, 1, NA, 0, 5.3e-05, 0, NA
minionseq, 07, 003, 1.127688, 0.039688, 61, 0, 1.088, 10, 0.000114, NA, 1, NA, 0, 0.000648, 0, NA
nbcsat, 07, 021, 1.15, 0.00, 1, 0, 1.15, 1, NA, 0, 1, 0, 0, NA, 0, 0
minionseq, 04, 002, 0.40212200000000003, 0.003122, 14, 0, 0.399, 5, 0, NA, 1, NA, 0, 0.000118, 0, NA
minionseq, 05, 002, 0.533778, 0.008778, 19, 0, 0.525, 5, 0.000342, NA, 1, NA, 0, 0.000206, 0, NA
minionseq, 08, 016, 2.204001, 0.411001, 18496, 0, 1.793, 1628, 0.00077, NA, 1, NA, 0, 0.20954, 0, NA
minionseq, 07, 002, 0.946521, 0.003521, 20, 0, 0.943, 5, 8.2e-05, NA, 1, NA, 0, 0.000142, 0, NA
nbcsat, 05, 005, 0.6900000000000001, 0.00, 95, 0, 0.6900000000000001, 20, NA, 402, 1, 0, 0, NA, 0, 73
minionseq, 07, 005, 1.202662, 0.111662, 1070, 0, 1.091, 36, 0.000551, NA, 1, NA, 0, 0.01162, 0, NA
minionpar, 07, 018, 0.535719, 0.039719, 211, 0, 0.496, 49, 0.000248, NA, 1, NA, 0, 0, 0, NA
minionseq, 06, 003, 0.80896, 0.03096, 49, 0, 0.778, 10, 0.00038, NA, 1, NA, 0, 0.000443, 0, NA
minionseq, 03, 002, 0.32016100000000003, 0.001161, 4, 0, 0.319, 2, 0, NA, 1, NA, 0, 2.4e-05, 0, NA
minionseq, 09, 032, 2.9080329999999996, 0.277033, 2209, 0, 2.631, 285, 0.00058, NA, 1, NA, 0, 0.020578, 0, NA
minionseq, 08, 009, 1.935098, 0.319098, 10590, 0, 1.616, 262, 0.000746, NA, 1, NA, 0, 0.121107, 0, NA
nbcsat, 09, 036, 2.0549999999999997, 0.00, 1, 0, 2.0549999999999997, 1, NA, 0, 1, 0, 0, NA, 0, 0
minionseq, 06, 015, 0.713077, 0.001077, 1, 0, 0.712, 1, 4.3e-05, NA, 1, NA, 0, 4e-05, 0, NA
minionseq, 06, 005, 0.809941, 0.049941, 361, 0, 0.76, 32, 0, NA, 1, NA, 0, 0.003077, 0, NA
minionseq, 07, 010, 1.18579, 0.11879, 2771, 0, 1.067, 268, 0.000574, NA, 1, NA, 0, 0.026997, 0, NA
nbcsat, 10, 001, 2.974, 0.00, 4, 0, 2.974, 2, NA, 16, 1, 0, 0, NA, 0, 6
minionseq, 02, 000, 0.249624, 0.000624, 1, 0, 0.249, 1, 4.6e-05, NA, 1, NA, 0, 3.8e-05, 0, NA
nbcsat, 08, 000, 1.627, 0.00, 1, 0, 1.627, 1, NA, 0, 1, 0, 0, NA, 0, 0
nbcsat, 07, 019, 1.238, 0.00, 92, 0, 1.238, 20, NA, 980, 1, 0, 0, NA, 0, 173
minionseq, 05, 005, 0.5797150000000001, 0.018715, 95, 0, 0.561, 20, 0.000108, NA, 1, NA, 0, 0.000738, 0, NA
nbcsat, 05, 008, 0.835, 0.00, 41, 0, 0.835, 9, NA, 334, 1, 0, 0, NA, 0, 65
minionseq, 07, 015, 1.3010579999999998, 0.121058, 1985, 0, 1.18, 241, 0.000241, NA, 1, NA, 0, 0.016726, 0, NA
nbcsat, 09, 008, 2.379, 0.10, 2053, 0, 2.279, 181, NA, 2673, 1, 0, 0, NA, 0, 381
nbcsat, 07, 017, 1.3619999999999999, 0.01, 439, 0, 1.3519999999999999, 98, NA, 1149, 1, 0, 0, NA, 0, 201
nbcsat, 09, 004, 2.1909999999999994, 0.01, 199, 0, 2.1809999999999996, 20, NA, 2201, 1, 0, 0, NA, 0, 329
nbcsat, 06, 013, 0.911, 0.00, 65, 0, 0.911, 14, NA, 587, 1, 0, 0, NA, 0, 104
nbcsat, 10, 024, 65.41199999999999, 9.27, 215489, 0, 56.141999999999996, 33300, NA, 4085, 1, 0, 0, NA, 0, 507
minionseq, 09, 030, 3.267195, 0.441195, 23217, 0, 2.826, 1190, 0, NA, 1, NA, 0, 0.186194, 0, NA
minionseq, 07, 006, 1.19871, 0.11971, 1595, 0, 1.079, 61, 0.00056, NA, 1, NA, 0, 0.018158, 0, NA
nbcsat, 10, 012, 6.568, 0.72, 11032, 0, 5.848, 1077, NA, 3882, 1, 0, 0, NA, 0, 498
nbcsat, 10, 009, 3.675, 0.19, 3171, 0, 3.485, 296, NA, 3717, 1, 0, 0, NA, 0, 489
minionseq, 05, 001, 0.495236, 0.001236, 4, 0, 0.494, 2, 0.000129, NA, 1, NA, 0, 3.8e-05, 0, NA
minionseq, 09, 005, 3.7513669999999997, 0.459367, 3227, 0, 3.292, 36, 0.000616, NA, 1, NA, 0, 0.059568, 0, NA
minionseq, 09, 003, 2.099488, 0.028488, 59, 0, 2.071, 10, 0.000113, NA, 1, NA, 0, 0.00046, 0, NA
nbcsat, 02, 001, 0.23700000000000002, 0.00, 1, 0, 0.23700000000000002, 1, NA, 0, 1, 0, 0, NA, 0, 0
nbcsat, 10, 044, 2.923, 0.00, 22, 0, 2.923, 9, NA, 199, 1, 0, 0, NA, 0, 50
nbcsat, 03, 000, 0.354, 0.00, 1, 0, 0.354, 1, NA, 0, 1, 0, 0, NA, 0, 0
nbcsat, 08, 019, 6.403999999999999, 0.30, 7091, 0, 6.103999999999999, 1441, NA, 1915, 1, 0, 0, NA, 0, 300
nbcsat, 05, 000, 0.605, 0.00, 1, 0, 0.605, 1, NA, 0, 1, 0, 0, NA, 0, 0
nbcsat, 08, 024, 1.807, 0.03, 764, 0, 1.777, 174, NA, 1748, 1, 0, 0, NA, 0, 276
minionseq, 06, 010, 0.915482, 0.048482, 406, 0, 0.867, 68, 0.000381, NA, 1, NA, 0, 0.003111, 0, NA
minionseq, 10, 010, 7.42873, 3.76373, 161243, 0, 3.665, 467, 0.001191, NA, 1, NA, 0, 3.0385, 0, NA
nbcsat, 10, 023, 55.581999999999994, 8.41, 184989, 0, 47.172, 28426, NA, 4087, 1, 0, 0, NA, 0, 507
minionseq, 05, 003, 0.5832, 0.0222, 43, 0, 0.561, 10, 0.000344, NA, 1, NA, 0, 0.000396, 0, NA
nbcsat, 08, 021, 3.787, 0.16, 3716, 0, 3.627, 866, NA, 1898, 1, 0, 0, NA, 0, 300
nbcsat, 10, 040, 6.431000000000001, 0.24, 4085, 0, 6.191000000000001, 1061, NA, 3724, 1, 0, 0, NA, 0, 477
minionseq, 10, 022, 12.2547, 9.3187, 809598, 0, 2.936, 23599, 0, NA, 1, NA, 0, 8.86731, 0, NA
minionseq, 08, 000, 1.5959699999999999, 0.00097, 1, 0, 1.595, 1, 4.1e-05, NA, 1, NA, 0, 1.3e-05, 0, NA
minionseq, 10, 005, 5.62126, 0.43726, 481, 0, 5.184, 36, 0.0012, NA, 1, NA, 0, 0.007268, 0, NA
nbcsat, 10, 033, 54.381, 5.94, 133988, 0, 48.441, 29200, NA, 3991, 1, 0, 0, NA, 0, 507
minionseq, 05, 000, 0.567971, 0.000971, 1, 0, 0.567, 1, 1.4e-05, NA, 1, NA, 0, 1.3e-05, 0, NA
nbcsat, 10, 003, 3.022, 0.01, 130, 0, 3.012, 10, NA, 2640, 1, 0, 0, NA, 0, 382
nbcsat, 08, 018, 7.453, 0.37, 8679, 0, 7.083, 1619, NA, 1923, 1, 0, 0, NA, 0, 300
minionseq, 10, 032, 10.94572, 7.14572, 619583, 0, 3.8, 35164, 0.001488, NA, 1, NA, 0, 6.43805, 0, NA
nbcsat, 04, 006, 0.434, 0.00, 1, 0, 0.434, 1, NA, 0, 1, 0, 0, NA, 0, 0
minionseq, 06, 009, 0.935287, 0.049287, 470, 0, 0.886, 80, 0, NA, 1, NA, 0, 0.003929, 0, NA
nbcsat, 07, 009, 1.549, 0.05, 1378, 0, 1.4989999999999999, 208, NA, 1259, 1, 0, 0, NA, 0, 221
nbcsat, 10, 043, 3.11, 0.01, 222, 0, 3.1, 44, NA, 3094, 1, 0, 0, NA, 0, 411
minionseq, 06, 000, 0.742129, 0.001129, 1, 0, 0.741, 1, 5.5e-05, NA, 1, NA, 0, 4.5e-05, 0, NA
nbcsat, 07, 000, 1.442, 0.00, 1, 0, 1.442, 1, NA, 0, 1, 0, 0, NA, 0, 0
minionseq, 06, 008, 1.098203, 0.047203, 488, 0, 1.051, 79, 0.000128, NA, 1, NA, 0, 0.003253, 0, NA
nbcsat, 10, 002, 3.039, 0.00, 64, 0, 3.039, 5, NA, 2130, 1, 0, 0, NA, 0, 318
minionseq, 08, 025, 1.9966679999999999, 0.118668, 373, 0, 1.878, 76, 0.00045, NA, 1, NA, 0, 0.003151, 0, NA
nbcsat, 10, 013, 9.251000000000001, 1.05, 16255, 0, 8.201, 1582, NA, 3937, 1, 0, 0, NA, 0, 501
nbcsat, 01, 000, 0.229, 0.00, 1, 0, 0.229, 1, NA, 0, 1, 0, 0, NA, 0, 0
minionseq, 08, 027, 1.8205369999999998, 0.003537, 14, 0, 1.817, 7, 0.00015, NA, 1, NA, 0, 0.00012, 0, NA
minionseq, 09, 001, 2.416284, 0.001284, 4, 0, 2.415, 2, 0.000189, NA, 1, NA, 0, 5.2e-05, 0, NA
minionseq, 09, 006, 3.355998, 0.541998, 8879, 0, 2.814, 65, 0.001134, NA, 1, NA, 0, 0.154693, 0, NA
minionseq, 10, 014, 10.433019999999999, 7.05802, 350974, 0, 3.375, 2305, 0.000812, NA, 1, NA, 0, 6.32928, 0, NA
nbcsat, 05, 002, 0.749, 0.00, 34, 0, 0.749, 5, NA, 313, 1, 0, 0, NA, 0, 61
nbcsat, 08, 002, 1.708, 0.00, 61, 0, 1.708, 5, NA, 1145, 1, 0, 0, NA, 0, 198
nbcsat, 06, 008, 1.022, 0.01, 455, 0, 1.012, 79, NA, 751, 1, 0, 0, NA, 0, 120
nbcsat, 07, 014, 1.606, 0.05, 1447, 0, 1.556, 308, NA, 1250, 1, 0, 0, NA, 0, 221
minionseq, 07, 017, 1.36168, 0.09268, 555, 0, 1.269, 98, 0.000399, NA, 1, NA, 0, 0.004202, 0, NA
minionseq, 10, 033, 11.74659, 8.26259, 531610, 0, 3.484, 29200, 0.000512, NA, 1, NA, 0, 7.55273, 0, NA
nbcsat, 10, 045, 2.746, 0.00, 1, 0, 2.746, 1, NA, 0, 1, 0, 0, NA, 0, 0
minionseq, 07, 008, 1.428647, 0.125647, 2288, 0, 1.303, 148, 0.000129, NA, 1, NA, 0, 0.023923, 0, NA
minionseq, 09, 012, 3.7927299999999997, 1.39773, 66271, 0, 2.395, 985, 9e-05, NA, 1, NA, 0, 1.01411, 0, NA
minionseq, 09, 007, 3.388715, 0.713715, 21199, 0, 2.675, 110, 0.001184, NA, 1, NA, 0, 0.320378, 0, NA
minionseq, 07, 020, 1.146689, 0.001689, 12, 0, 1.145, 6, 0, NA, 1, NA, 0, 9.5e-05, 0, NA
minionseq, 05, 010, 0.575044, 0.001044, 1, 0, 0.574, 1, 4e-05, NA, 1, NA, 0, 4.4e-05, 0, NA
minionseq, 10, 023, 14.0593, 10.3063, 849005, 0, 3.753, 28426, 0.001828, NA, 1, NA, 0, 9.57869, 0, NA
nbcsat, 10, 022, 48.80799999999999, 6.83, 162570, 0, 41.977999999999994, 23599, NA, 4087, 1, 0, 0, NA, 0, 507
minionseq, 08, 026, 1.6546560000000001, 0.036656, 91, 0, 1.618, 27, 0.000124, NA, 1, NA, 0, 0.000163, 0, NA
minionseq, 10, 001, 2.838239, 0.001239, 4, 0, 2.837, 2, 0.000229, NA, 1, NA, 0, 0, 0, NA
nbcsat, 09, 030, 6.457, 0.24, 4989, 0, 6.217, 1190, NA, 2677, 1, 0, 0, NA, 0, 385
nbcsat, 04, 001, 0.558, 0.00, 4, 0, 0.558, 2, NA, 16, 1, 0, 0, NA, 0, 6
minionseq, 06, 013, 0.9379240000000001, 0.011924, 42, 0, 0.926, 14, 0.000186, NA, 1, NA, 0, 0.000343, 0, NA
nbcsat, 06, 002, 0.869, 0.00, 32, 0, 0.869, 5, NA, 514, 1, 0, 0, NA, 0, 92
nbcsat, 09, 001, 2.187, 0.00, 4, 0, 2.187, 2, NA, 16, 1, 0, 0, NA, 0, 6
minionseq, 09, 010, 3.5998200000000002, 1.10182, 47113, 0, 2.498, 443, 0.001034, NA, 1, NA, 0, 0.715156, 0, NA
minionseq, 08, 021, 2.036965, 0.307965, 10044, 0, 1.729, 866, 0.000681, NA, 1, NA, 0, 0.107681, 0, NA
nbcsat, 09, 003, 2.243, 0.01, 106, 0, 2.233, 10, NA, 1941, 1, 0, 0, NA, 0, 302
minionseq, 08, 019, 2.14486, 0.35086, 14933, 0, 1.794, 1441, 0, NA, 1, NA, 0, 0.148658, 0, NA
nbcsat, 09, 014, 10.479000000000001, 0.89, 17786, 0, 9.589, 1988, NA, 2825, 1, 0, 0, NA, 0, 391
minionseq, 08, 013, 2.1954089999999997, 0.408409, 17059, 0, 1.787, 1019, 0, NA, 1, NA, 0, 0.21269, 0, NA
nbcsat, 06, 015, 0.65, 0.00, 1, 0, 0.65, 1, NA, 0, 1, 0, 0, NA, 0, 0
nbcsat, 08, 014, 6.555, 0.41, 9244, 0, 6.145, 1264, NA, 1939, 1, 0, 0, NA, 0, 300
nbcsat, 10, 039, 12.083, 0.49, 8270, 0, 11.593, 2244, NA, 3784, 1, 0, 0, NA, 0, 493
minionseq, 06, 006, 0.694261, 0.046261, 434, 0, 0.648, 51, 0.000124, NA, 1, NA, 0, 0.003402, 0, NA
nbcsat, 07, 013, 1.2550000000000001, 0.06, 1750, 0, 1.195, 347, NA, 1255, 1, 0, 0, NA, 0, 221
nbcsat, 10, 034, 44.953, 4.52, 100333, 0, 40.433, 22886, NA, 3979, 1, 0, 0, NA, 0, 507
nbcsat, 10, 006, 3.033, 0.04, 724, 0, 2.993, 65, NA, 3306, 1, 0, 0, NA, 0, 456
minionseq, 07, 014, 1.488864, 0.110864, 2422, 0, 1.378, 308, 0.000274, NA, 1, NA, 0, 0.019163, 0, NA
nbcsat, 08, 001, 1.2839999999999998, 0.00, 4, 0, 1.2839999999999998, 2, NA, 16, 1, 0, 0, NA, 0, 6
nbcsat, 07, 016, 0.9980000000000001, 0.02, 723, 0, 0.9780000000000001, 165, NA, 1196, 1, 0, 0, NA, 0, 205
nbcsat, 08, 020, 5.516, 0.24, 5600, 0, 5.276, 1173, NA, 1906, 1, 0, 0, NA, 0, 300
nbcsat, 08, 009, 2.088, 0.10, 2419, 0, 1.988, 262, NA, 1902, 1, 0, 0, NA, 0, 297
nbcsat, 09, 031, 2.815, 0.11, 2704, 0, 2.705, 622, NA, 2621, 1, 0, 0, NA, 0, 369
minionseq, 09, 013, 3.81675, 1.52975, 76567, 0, 2.287, 1416, 1.1e-05, NA, 1, NA, 0, 1.15598, 0, NA
minionseq, 07, 004, 1.161656, 0.065656, 208, 0, 1.096, 20, 0.000266, NA, 1, NA, 0, 0.00156, 0, NA
minionseq, 08, 017, 2.219355, 0.408355, 17897, 0, 1.811, 1681, 0.000477, NA, 1, NA, 0, 0.203637, 0, NA
minionseq, 08, 020, 2.1506600000000002, 0.33666, 12628, 0, 1.814, 1173, 0.000583, NA, 1, NA, 0, 0.131349, 0, NA
nbcsat, 10, 005, 2.81, 0.02, 476, 0, 2.79, 36, NA, 3155, 1, 0, 0, NA, 0, 432
minionseq, 10, 003, 2.6769000000000003, 0.0209, 59, 0, 2.656, 10, 0.000238, NA, 1, NA, 0, 0.000329, 0, NA
nbcsat, 09, 013, 7.282000000000001, 0.61, 12180, 0, 6.672000000000001, 1416, NA, 2812, 1, 0, 0, NA, 0, 390
minionseq, 10, 045, 2.48, 0, 1, 0, 2.48, 1, 0, NA, 1, NA, 0, 0, 0, NA
minionseq, 09, 011, 3.87071, 1.25671, 56526, 0, 2.614, 664, 8.5e-05, NA, 1, NA, 0, 0.875541, 0, NA
minionseq, 10, 043, 2.6128009999999997, 0.066801, 160, 0, 2.546, 44, 0.000299, NA, 1, NA, 0, 0.001078, 0, NA
minionseq, 10, 034, 8.6688, 4.9548, 440212, 0, 3.714, 22886, 0.00131, NA, 1, NA, 0, 4.23329, 0, NA
minionseq, 10, 011, 8.2211, 4.5171, 202183, 0, 3.704, 714, 0.00178, NA, 1, NA, 0, 3.75869, 0, NA
minionseq, 10, 044, 2.2868939999999998, 0.003894, 18, 0, 2.283, 9, 0.00016, NA, 1, NA, 0, 0.000105, 0, NA
minionseq, 10, 042, 3.343084, 0.222084, 942, 0, 3.121, 155, 0.000501, NA, 1, NA, 0, 0.005346, 0, NA
nbcsat, 10, 041, 2.762, 0.07, 1637, 0, 2.692, 440, NA, 3611, 1, 0, 0, NA, 0, 467
minionseq, 10, 008, 6.16535, 2.48035, 90068, 0, 3.685, 185, 0.001623, NA, 1, NA, 0, 1.71822, 0, NA
minionseq, 10, 040, 6.1687520000000005, 0.989752, 27553, 0, 5.179, 1061, 0.001559, NA, 1, NA, 0, 0.368976, 0, NA
minionseq, 09, 009, 2.773764, 0.636764, 38109, 0, 2.137, 286, 0.000217, NA, 1, NA, 0, 0.384966, 0, NA
nbcsat, 10, 042, 2.5589999999999997, 0.02, 647, 0, 2.5389999999999997, 155, NA, 3459, 1, 0, 0, NA, 0, 455
minionseq, 09, 008, 2.602369, 0.580369, 29734, 0, 2.022, 181, 0.000617, NA, 1, NA, 0, 0.319782, 0, NA
nbcsat, 10, 010, 4.178, 0.27, 4832, 0, 3.908, 467, NA, 3772, 1, 0, 0, NA, 0, 492
nbcsat, 08, 012, 3.715, 0.25, 6124, 0, 3.465, 784, NA, 1935, 1, 0, 0, NA, 0, 300
nbcsat, 08, 013, 2.8810000000000002, 0.24, 7286, 0, 2.641, 1019, NA, 1938, 1, 0, 0, NA, 0, 300
nbcsat, 10, 014, 11.878, 1.47, 23298, 0, 10.408, 2305, NA, 3975, 1, 0, 0, NA, 0, 503
minionseq, 09, 029, 3.231998, 0.873998, 37183, 0, 2.358, 2034, 0.001124, NA, 1, NA, 0, 0.468003, 0, NA
nbcsat, 09, 029, 6.873, 0.46, 8960, 0, 6.413, 2034, NA, 2728, 1, 0, 0, NA, 0, 389
nbcsat, 09, 016, 15.056000000000001, 1.40, 26849, 0, 13.656, 3589, NA, 2845, 1, 0, 0, NA, 0, 393
nbcsat, 09, 028, 11.692, 0.75, 13928, 0, 10.942, 3146, NA, 2780, 1, 0, 0, NA, 0, 393
minionseq, 10, 012, 7.92942, 4.25042, 247828, 0, 3.679, 1077, 0.001336, NA, 1, NA, 0, 3.55745, 0, NA
minionseq, 09, 014, 3.37979, 1.14079, 86906, 0, 2.239, 1988, 0.000636, NA, 1, NA, 0, 0.891933, 0, NA
nbcsat, 09, 015, 7.434, 0.96, 21683, 0, 6.474, 2715, NA, 2836, 1, 0, 0, NA, 0, 392
minionseq, 09, 016, 4.36249, 1.99349, 105842, 0, 2.369, 3589, 0.001075, NA, 1, NA, 0, 1.61235, 0, NA
minionseq, 10, 013, 8.96993, 5.29593, 297690, 0, 3.674, 1582, 0.000258, NA, 1, NA, 0, 4.5911, 0, NA
minionseq, 09, 015, 4.13134, 1.70934, 96776, 0, 2.422, 2715, 0.001179, NA, 1, NA, 0, 1.33372, 0, NA
nbcsat, 10, 038, 14.498000000000001, 0.96, 15309, 0, 13.538, 4249, NA, 3839, 1, 0, 0, NA, 0, 497
minionseq, 09, 027, 3.66073, 1.20573, 66340, 0, 2.455, 4448, 0, NA, 1, NA, 0, 0.816055, 0, NA
minionseq, 09, 028, 3.261075, 0.856075, 51496, 0, 2.405, 3146, 0.000973, NA, 1, NA, 0, 0.477311, 0, NA
nbcsat, 10, 015, 11.291, 2.30, 35442, 0, 8.991, 3284, NA, 4011, 1, 0, 0, NA, 0, 505
minionseq, 10, 039, 4.174868, 0.881868, 67566, 0, 3.293, 2244, 0.000579, NA, 1, NA, 0, 0.506081, 0, NA
minionseq, 09, 017, 4.4094999999999995, 2.0465, 113713, 0, 2.363, 4579, 0.000109, NA, 1, NA, 0, 1.68077, 0, NA
minionseq, 09, 026, 3.60539, 1.41339, 81300, 0, 2.192, 5794, 0.001, NA, 1, NA, 0, 1.02378, 0, NA
nbcsat, 09, 017, 12.459999999999999, 1.78, 33445, 0, 10.68, 4579, NA, 2848, 1, 0, 0, NA, 0, 393
minionseq, 09, 018, 4.482290000000001, 2.14929, 120067, 0, 2.333, 5631, 0.000615, NA, 1, NA, 0, 1.76937, 0, NA
nbcsat, 09, 026, 17.199, 1.48, 27780, 0, 15.719000000000001, 5794, NA, 2798, 1, 0, 0, NA, 0, 393
minionseq, 10, 038, 6.49634, 1.99734, 122453, 0, 4.499, 4249, 0.001582, NA, 1, NA, 0, 1.33312, 0, NA
nbcsat, 09, 027, 9.342, 0.83, 20146, 0, 8.512, 4448, NA, 2789, 1, 0, 0, NA, 0, 393
minionseq, 10, 016, 12.03634, 8.53834, 468295, 0, 3.498, 4617, 0.000784, NA, 1, NA, 0, 7.83425, 0, NA
nbcsat, 10, 037, 21.437, 1.78, 27725, 0, 19.657, 7305, NA, 3895, 1, 0, 0, NA, 0, 501
minionseq, 09, 025, 3.9714, 1.6104, 95013, 0, 2.361, 7006, 0.00131, NA, 1, NA, 0, 1.22142, 0, NA
nbcsat, 10, 017, 18.456, 3.53, 54758, 0, 14.925999999999998, 6374, NA, 4057, 1, 0, 0, NA, 0, 507
minionseq, 10, 015, 9.17338, 5.53038, 408294, 0, 3.643, 3284, 0.000881, NA, 1, NA, 0, 4.89122, 0, NA
minionseq, 09, 019, 4.56043, 2.24343, 124541, 0, 2.317, 6654, 0.001304, NA, 1, NA, 0, 1.8708, 0, NA
nbcsat, 10, 016, 12.805, 1.59, 41493, 0, 11.215, 4617, NA, 4045, 1, 0, 0, NA, 0, 507
nbcsat, 09, 018, 13.102, 1.41, 38473, 0, 11.692, 5631, NA, 2849, 1, 0, 0, NA, 0, 393
nbcsat, 09, 025, 16.518, 1.81, 34362, 0, 14.708, 7006, NA, 2807, 1, 0, 0, NA, 0, 393
minionseq, 09, 020, 4.60248, 2.23748, 126658, 0, 2.365, 7559, 0.000723, NA, 1, NA, 0, 1.84873, 0, NA
nbcsat, 09, 019, 14.626, 2.02, 45457, 0, 12.606, 6654, NA, 2848, 1, 0, 0, NA, 0, 393
nbcsat, 09, 022, 22.149, 2.44, 47033, 0, 19.709, 8545, NA, 2833, 1, 0, 0, NA, 0, 393
minionseq, 09, 023, 4.15794, 1.92494, 116044, 0, 2.233, 8457, 0.000803, NA, 1, NA, 0, 1.54289, 0, NA
nbcsat, 09, 021, 22.439, 2.51, 48852, 0, 19.929000000000002, 8225, NA, 2840, 1, 0, 0, NA, 0, 393
minionseq, 10, 017, 12.93427, 9.34427, 529909, 0, 3.59, 6374, 0.000768, NA, 1, NA, 0, 8.63439, 0, NA
nbcsat, 09, 020, 18.194000000000003, 2.58, 48317, 0, 15.614, 7559, NA, 2845, 1, 0, 0, NA, 0, 393
nbcsat, 09, 024, 20.301, 2.14, 41117, 0, 18.160999999999998, 7930, NA, 2816, 1, 0, 0, NA, 0, 393
minionseq, 09, 021, 4.8878900000000005, 2.17889, 126045, 0, 2.709, 8225, 0.001291, NA, 1, NA, 0, 1.78672, 0, NA
minionseq, 09, 024, 4.36502, 1.66102, 106782, 0, 2.704, 7930, 0.000121, NA, 1, NA, 0, 1.27211, 0, NA
nbcsat, 09, 023, 20.233, 2.48, 47781, 0, 17.753, 8457, NA, 2825, 1, 0, 0, NA, 0, 393
minionseq, 09, 022, 4.661569999999999, 2.03457, 122485, 0, 2.627, 8545, 0.001023, NA, 1, NA, 0, 1.64539, 0, NA
nbcsat, 10, 018, 23.321, 4.95, 75263, 0, 18.371000000000002, 8665, NA, 4067, 1, 0, 0, NA, 0, 507
minionseq, 10, 037, 4.95656, 1.94356, 191279, 0, 3.013, 7305, 0.00086, NA, 1, NA, 0, 1.49422, 0, NA
nbcsat, 10, 036, 28.583, 3.15, 47940, 0, 25.433, 11525, NA, 3958, 1, 0, 0, NA, 0, 507
minionseq, 10, 018, 13.416500000000001, 10.0455, 591556, 0, 3.371, 8665, 0.00056, NA, 1, NA, 0, 9.33697, 0, NA
nbcsat, 10, 019, 26.598, 5.84, 90262, 0, 20.758, 11521, NA, 4075, 1, 0, 0, NA, 0, 507
minionseq, 10, 036, 8.20558, 4.43558, 266646, 0, 3.77, 11525, 0.00079, NA, 1, NA, 0, 3.65557, 0, NA
minionseq, 10, 019, 14.1215, 10.6115, 651646, 0, 3.51, 11521, 0.001708, NA, 1, NA, 0, 9.89627, 0, NA
nbcsat, 10, 020, 36.632, 8.19, 123037, 0, 28.442, 15012, NA, 4081, 1, 0, 0, NA, 0, 507
minionseq, 10, 035, 9.01564, 5.49864, 350144, 0, 3.517, 16825, 0.000185, NA, 1, NA, 0, 4.7512, 0, NA
nbcsat, 10, 035, 33.684, 4.01, 70130, 0, 29.674, 16825, NA, 3968, 1, 0, 0, NA, 0, 507
nbcsat, 10, 021, 42.138, 9.10, 140738, 0, 33.038, 19067, NA, 4085, 1, 0, 0, NA, 0, 507
minionseq, 10, 020, 12.02136, 8.64036, 708845, 0, 3.381, 15012, 0.000915, NA, 1, NA, 0, 8.13622, 0, NA
minionseq, 10, 021, 15.7472, 12.3062, 762143, 0, 3.441, 19067, 0, NA, 1, NA, 0, 11.596, 0, NA
nbcsat, 10, 026, 79.96, 13.41, 241967, 0, 66.55, 41767, NA, 4075, 1, 0, 0, NA, 0, 507
minionseq, 10, 031, 9.54438, 6.76738, 699983, 0, 2.777, 40194, 0.000796, NA, 1, NA, 0, 6.31112, 0, NA
minionseq, 10, 026, 16.6012, 13.1982, 901100, 0, 3.403, 41767, 0.001241, NA, 1, NA, 0, 12.4958, 0, NA
minionseq, 10, 030, 14.4965, 10.9125, 769117, 0, 3.584, 43837, 0.001369, NA, 1, NA, 0, 10.1907, 0, NA
nbcsat, 10, 030, 82.39099999999999, 11.72, 220976, 0, 70.67099999999999, 43837, NA, 4032, 1, 0, 0, NA, 0, 507
nbcsat, 10, 027, 86.09899999999999, 13.02, 250383, 0, 73.079, 44597, NA, 4067, 1, 0, 0, NA, 0, 507
minionseq, 10, 029, 13.57723, 9.84723, 825166, 0, 3.73, 45814, 0.001563, NA, 1, NA, 0, 9.12992, 0, NA
minionseq, 10, 028, 15.0212, 11.5142, 866108, 0, 3.507, 46031, 0.001587, NA, 1, NA, 0, 10.8125, 0, NA
nbcsat, 10, 028, 84.136, 11.22, 261593, 0, 72.916, 46031, NA, 4057, 1, 0, 0, NA, 0, 507
minionseq, 10, 027, 13.9053, 10.2363, 891309, 0, 3.669, 44597, 0.000921, NA, 1, NA, 0, 9.55299, 0, NA
nbcsat, 10, 029, 83.75800000000001, 9.20, 233182, 0, 74.558, 45814, NA, 4045, 1, 0, 0, NA, 0, 507
minionpar, 05, 009, 0.17293299999999998, 0.000933, 8, 0, 0.172, 4, 0.000142, NA, 1, NA, 0, 0, 0, NA
minionpar, 05, 007, 0.211853, 0.010853, 51, 0, 0.201, 15, 0.000183, NA, 1, NA, 0, 0, 0, NA
minionpar, 09, 000, 0.811, 0, 1, 0, 0.811, 1, 0, NA, 1, NA, 0, 0, 0, NA
minionpar, 06, 012, 0.33995000000000003, 0.02295, 110, 0, 0.317, 29, 0.000263, NA, 1, NA, 0, 0, 0, NA
minionpar, 09, 036, 0.829035, 3.5e-05, 1, 0, 0.829, 1, 0, NA, 1, NA, 0, 3.5e-05, 0, NA
minionpar, 09, 003, 1.029084, 0.019084, 59, 0, 1.01, 10, 0.000264, NA, 1, NA, 0, 0.000306, 0, NA
minionpar, 08, 008, 0.846183, 0.110183, 8769, 0, 0.736, 171, 0, NA, 1, NA, 0, 0.000477, 0, NA
minionpar, 10, 003, 1.47854, 0.01654, 59, 0, 1.462, 10, 0, NA, 1, NA, 0, 0.000553, 0, NA
minionpar, 08, 028, 0.597, 0, 1, 0, 0.597, 1, 0, NA, 1, NA, 0, 0, 0, NA
minionpar, 04, 001, 0.122346, 0.000346, 4, 0, 0.122, 2, 0, NA, 1, NA, 0, 0.000264, 0, NA
minionpar, 08, 004, 0.9182939999999999, 0.071294, 195, 0, 0.847, 20, 0, NA, 1, NA, 0, 0.001269, 0, NA
minionpar, 10, 015, 2.084334, 0.414334, 408294, 0, 1.67, 3284, 0.00088, NA, 1, NA, 0, 0.001119, 0, NA
minionpar, 10, 013, 1.984229, 0.382229, 297690, 0, 1.602, 1582, 0.000809, NA, 1, NA, 0, 0.000702, 0, NA
minionpar, 10, 039, 2.424362, 0.363362, 67566, 0, 2.061, 2244, 0.000712, NA, 1, NA, 0, 0.00097, 0, NA
minionpar, 10, 010, 2.0078329999999998, 0.404833, 161243, 0, 1.603, 467, 0.000762, NA, 1, NA, 0, 0.000699, 0, NA
minionpar, 04, 003, 0.127002, 0.002002, 19, 0, 0.125, 6, 0, NA, 1, NA, 0, 0.000268, 0, NA
minionpar, 07, 010, 0.486274, 0.055274, 2771, 0, 0.431, 268, 0.000358, NA, 1, NA, 0, 0.000212, 0, NA
minionpar, 09, 020, 1.214704, 0.196704, 126658, 0, 1.018, 7559, 0, NA, 1, NA, 0, 0.001544, 0, NA
minionpar, 09, 026, 1.34645, 0.20645, 81300, 0, 1.14, 5794, 0.00051, NA, 1, NA, 0, 0.000161, 0, NA
minionpar, 05, 010, 0.166548, 0.000548, 1, 0, 0.166, 1, 2.4e-05, NA, 1, NA, 0, 2.7e-05, 0, NA
minionpar, 07, 015, 0.529695, 0.058695, 1985, 0, 0.471, 241, 0.000347, NA, 1, NA, 0, 0.000513, 0, NA
minionpar, 10, 037, 1.953042, 0.384042, 191279, 0, 1.569, 7305, 0.000774, NA, 1, NA, 0, 0, 0, NA
minionpar, 09, 027, 1.274595, 0.207595, 66340, 0, 1.067, 4448, 0.000388, NA, 1, NA, 0, 0.000345, 0, NA
minionpar, 10, 044, 1.1167440000000002, 0.002744, 18, 0, 1.114, 9, 0, NA, 1, NA, 0, 0.000395, 0, NA
minionpar, 06, 005, 0.32817399999999997, 0.025174, 361, 0, 0.303, 32, 0, NA, 1, NA, 0, 0, 0, NA
minionpar, 06, 010, 0.31501799999999996, 0.026018, 406, 0, 0.289, 68, 0, NA, 1, NA, 0, 0.000844, 0, NA
minionpar, 10, 038, 2.418266, 0.388266, 122453, 0, 2.03, 4249, 0.000836, NA, 1, NA, 0, 0.001018, 0, NA
minionpar, 07, 017, 0.576349, 0.053349, 555, 0, 0.523, 98, 0.000322, NA, 1, NA, 0, 7.4e-05, 0, NA
minionpar, 10, 034, 2.003475, 0.403475, 440212, 0, 1.6, 22886, 0, NA, 1, NA, 0, 0.001486, 0, NA
minionpar, 10, 040, 2.772238, 0.345238, 27553, 0, 2.427, 1061, 0.000147, NA, 1, NA, 0, 0.000765, 0, NA
minionpar, 10, 004, 1.563763, 0.055763, 199, 0, 1.508, 20, 0.000322, NA, 1, NA, 0, 0.000582, 0, NA
minionpar, 01, 000, 0.050295, 0.000295, 1, 0, 0.05, 1, 3.8e-05, NA, 1, NA, 0, 4.1e-05, 0, NA
minionpar, 09, 008, 1.245145, 0.223145, 29734, 0, 1.022, 181, 0.0002, NA, 1, NA, 0, 5.1e-05, 0, NA
minionpar, 10, 041, 2.049058, 0.225058, 3991, 0, 1.824, 440, 0.00027, NA, 1, NA, 0, 0.001046, 0, NA
minionpar, 05, 003, 0.19976, 0.01176, 43, 0, 0.188, 10, 0.000192, NA, 1, NA, 0, 0.000507, 0, NA
minionpar, 05, 002, 0.180582, 0.003582, 19, 0, 0.177, 5, 0, NA, 1, NA, 0, 0, 0, NA
minionpar, 06, 013, 0.280937, 0.007937, 42, 0, 0.273, 14, 0.000291, NA, 1, NA, 0, 0.000755, 0, NA
minionpar, 09, 025, 1.280354, 0.210354, 95013, 0, 1.07, 7006, 0.000555, NA, 1, NA, 0, 0.000814, 0, NA
minionpar, 08, 012, 0.841308, 0.109308, 15672, 0, 0.732, 784, 0, NA, 1, NA, 0, 0, 0, NA
minionpar, 08, 003, 0.658927, 0.016927, 59, 0, 0.642, 10, 0.000304, NA, 1, NA, 0, 0.000358, 0, NA
minionpar, 05, 004, 0.204717, 0.010717, 84, 0, 0.194, 16, 0, NA, 1, NA, 0, 0.00039, 0, NA
minionpar, 09, 024, 1.28177, 0.20977, 106782, 0, 1.072, 7930, 0.000628, NA, 1, NA, 0, 0, 0, NA
minionpar, 07, 000, 0.380535, 0.000535, 1, 0, 0.38, 1, 2.3e-05, NA, 1, NA, 0, 2.6e-05, 0, NA
minionpar, 10, 035, 1.993047, 0.403047, 350144, 0, 1.59, 16825, 0.000624, NA, 1, NA, 0, 0.00168, 0, NA
minionpar, 10, 043, 1.335224, 0.045224, 160, 0, 1.29, 44, 0, NA, 1, NA, 0, 0.001119, 0, NA
minionpar, 05, 006, 0.193999, 0.010999, 86, 0, 0.183, 20, 0, NA, 1, NA, 0, 0, 0, NA
minionpar, 08, 021, 0.81719, 0.11319, 10044, 0, 0.704, 866, 0, NA, 1, NA, 0, 0, 0, NA
minionpar, 07, 007, 0.508267, 0.054267, 1978, 0, 0.454, 96, 0, NA, 1, NA, 0, 0.000124, 0, NA
minionpar, 10, 042, 1.770357, 0.138357, 942, 0, 1.632, 155, 0, NA, 1, NA, 0, 0.000398, 0, NA
minionpar, 10, 036, 2.0274829999999997, 0.397483, 266646, 0, 1.63, 11525, 0.000171, NA, 1, NA, 0, 0, 0, NA
minionpar, 09, 009, 1.268763, 0.214763, 38109, 0, 1.054, 286, 0.000214, NA, 1, NA, 0, 0.001513, 0, NA
minionpar, 09, 001, 1.019, 0, 4, 0, 1.019, 2, 0, NA, 1, NA, 0, 0, 0, NA
minionpar, 10, 017, 2.0021880000000003, 0.396188, 529909, 0, 1.606, 6374, 0.000887, NA, 1, NA, 0, 0.000469, 0, NA
minionpar, 08, 027, 0.5690029999999999, 0.001003, 14, 0, 0.568, 7, 0, NA, 1, NA, 0, 0, 0, NA
minionpar, 09, 031, 1.639742, 0.193742, 11547, 0, 1.446, 622, 0.000612, NA, 1, NA, 0, 0.000791, 0, NA
minionpar, 07, 001, 0.393893, 0.000893, 4, 0, 0.393, 2, 0.000108, NA, 1, NA, 0, 0.000225, 0, NA
minionpar, 06, 003, 0.327084, 0.019084, 49, 0, 0.308, 10, 0.000214, NA, 1, NA, 0, 0.000738, 0, NA
minionpar, 05, 000, 0.181532, 0.000532, 1, 0, 0.181, 1, 2.2e-05, NA, 1, NA, 0, 2.5e-05, 0, NA
minionpar, 03, 001, 0.096988, 0.000988, 3, 0, 0.096, 2, 0.000176, NA, 1, NA, 0, 0.000179, 0, NA
minionpar, 09, 035, 0.817031, 0.002031, 16, 0, 0.815, 8, 0.00031, NA, 1, NA, 0, 0, 0, NA
minionpar, 08, 007, 0.806584, 0.110584, 6953, 0, 0.696, 106, 0.00049, NA, 1, NA, 0, 0, 0, NA
minionpar, 10, 032, 1.946441, 0.392441, 619583, 0, 1.554, 35164, 0.000215, NA, 1, NA, 0, 0.000539, 0, NA
minionpar, 09, 021, 1.223284, 0.195284, 126045, 0, 1.028, 8225, 0.000529, NA, 1, NA, 0, 0.000558, 0, NA
minionpar, 09, 002, 0.8231999999999999, 0.0012, 20, 0, 0.822, 5, 0, NA, 1, NA, 0, 0.000136, 0, NA
minionpar, 07, 003, 0.472714, 0.022714, 61, 0, 0.45, 10, 0.000231, NA, 1, NA, 0, 0.000796, 0, NA
minionpar, 04, 002, 0.135166, 0.002166, 14, 0, 0.133, 5, 0.000136, NA, 1, NA, 0, 0.000423, 0, NA
minionpar, 09, 022, 1.312897, 0.199897, 122485, 0, 1.113, 8545, 0, NA, 1, NA, 0, 0.000391, 0, NA
minionpar, 08, 009, 0.807866, 0.107866, 10590, 0, 0.7, 262, 0.000465, NA, 1, NA, 0, 0, 0, NA
minionpar, 08, 001, 0.5760959999999999, 0.001096, 4, 0, 0.575, 2, 0.00018, NA, 1, NA, 0, 0.000258, 0, NA
minionpar, 08, 010, 0.806835, 0.105835, 12358, 0, 0.701, 397, 0.000225, NA, 1, NA, 0, 0, 0, NA
minionpar, 06, 004, 0.380944, 0.027944, 169, 0, 0.353, 20, 0, NA, 1, NA, 0, 0.000655, 0, NA
minionpar, 10, 027, 2.013916, 0.408916, 891309, 0, 1.605, 44597, 0, NA, 1, NA, 0, 0.001049, 0, NA
minionpar, 09, 007, 1.256317, 0.211317, 21199, 0, 1.045, 110, 0.000179, NA, 1, NA, 0, 0.000712, 0, NA
minionpar, 02, 001, 0.075, 0, 1, 0, 0.075, 1, 0, NA, 1, NA, 0, 0, 0, NA
minionpar, 09, 034, 0.972312, 0.033312, 123, 0, 0.939, 35, 0.000299, NA, 1, NA, 0, 0.000532, 0, NA
minionpar, 09, 030, 1.533806, 0.212806, 23217, 0, 1.321, 1190, 0.000553, NA, 1, NA, 0, 0.000276, 0, NA
minionpar, 10, 030, 1.9715129999999998, 0.376513, 769117, 0, 1.595, 43837, 0.000839, NA, 1, NA, 0, 0.001414, 0, NA
minionpar, 08, 016, 0.805234, 0.110234, 18496, 0, 0.695, 1628, 0.000348, NA, 1, NA, 0, 0.000636, 0, NA
minionpar, 09, 019, 1.317876, 0.199876, 124541, 0, 1.118, 6654, 0.000179, NA, 1, NA, 0, 0.00093, 0, NA
minionpar, 03, 003, 0.082638, 0.000638, 1, 0, 0.082, 1, 3.8e-05, NA, 1, NA, 0, 4.6e-05, 0, NA
minionpar, 09, 017, 1.294738, 0.235738, 113713, 0, 1.059, 4579, 8.1e-05, NA, 1, NA, 0, 0.00064, 0, NA
minionpar, 09, 033, 1.1700810000000001, 0.094081, 612, 0, 1.076, 111, 0.000269, NA, 1, NA, 0, 0.000621, 0, NA
minionpar, 09, 015, 1.203952, 0.200952, 96776, 0, 1.003, 2715, 0.000392, NA, 1, NA, 0, 0.00214, 0, NA
minionpar, 06, 009, 0.30007900000000004, 0.026079, 470, 0, 0.274, 80, 0.000272, NA, 1, NA, 0, 0.000533, 0, NA
minionpar, 10, 019, 1.960741, 0.377741, 651646, 0, 1.583, 11521, 0.000699, NA, 1, NA, 0, 0, 0, NA
minionpar, 10, 031, 1.945278, 0.381278, 699983, 0, 1.564, 40194, 0.000858, NA, 1, NA, 0, 0.000309, 0, NA
minionpar, 09, 006, 1.4825469999999998, 0.211547, 8879, 0, 1.271, 65, 0.000632, NA, 1, NA, 0, 0.002043, 0, NA
minionpar, 06, 008, 0.317274, 0.025274, 488, 0, 0.292, 79, 0.000213, NA, 1, NA, 0, 0, 0, NA
minionpar, 07, 020, 0.383047, 0.001047, 12, 0, 0.382, 6, 0.000104, NA, 1, NA, 0, 0.000128, 0, NA
minionpar, 09, 005, 1.750026, 0.216026, 3227, 0, 1.534, 36, 0.000534, NA, 1, NA, 0, 0.000943, 0, NA
minionpar, 08, 026, 0.6713990000000001, 0.021399, 91, 0, 0.65, 27, 0, NA, 1, NA, 0, 0.000443, 0, NA
minionpar, 10, 016, 1.895273, 0.365273, 468295, 0, 1.53, 4617, 0.000823, NA, 1, NA, 0, 0.000321, 0, NA
minionpar, 09, 032, 1.428369, 0.135369, 2209, 0, 1.293, 285, 0.000103, NA, 1, NA, 0, 0.000146, 0, NA
minionpar, 05, 001, 0.182394, 0.000394, 4, 0, 0.182, 2, 0, NA, 1, NA, 0, 0.000339, 0, NA
minionpar, 07, 019, 0.452327, 0.013327, 64, 0, 0.439, 20, 0.000176, NA, 1, NA, 0, 0, 0, NA
minionpar, 08, 018, 0.8147369999999999, 0.107737, 16695, 0, 0.707, 1619, 0.000226, NA, 1, NA, 0, 0, 0, NA
minionpar, 10, 025, 1.926769, 0.386769, 896404, 0, 1.54, 37862, 0.000988, NA, 1, NA, 0, 0.00186, 0, NA
minionpar, 06, 014, 0.24390599999999998, 0.000906, 10, 0, 0.243, 5, 0.000127, NA, 1, NA, 0, 0.000248, 0, NA
minionpar, 10, 007, 2.334898, 0.393898, 43757, 0, 1.941, 110, 0.000777, NA, 1, NA, 0, 0.00201, 0, NA
minionpar, 09, 018, 1.213284, 0.199284, 120067, 0, 1.014, 5631, 0.000522, NA, 1, NA, 0, 0, 0, NA
minionpar, 04, 006, 0.11453200000000001, 0.000532, 1, 0, 0.114, 1, 2.1e-05, NA, 1, NA, 0, 2.6e-05, 0, NA
minionpar, 09, 014, 1.206283, 0.194283, 86906, 0, 1.012, 1988, 0.000264, NA, 1, NA, 0, 0, 0, NA
minionpar, 05, 005, 0.18210199999999999, 0.010102, 95, 0, 0.172, 20, 0, NA, 1, NA, 0, 0, 0, NA
minionpar, 10, 009, 1.924972, 0.390972, 125048, 0, 1.534, 296, 0, NA, 1, NA, 0, 0.00079, 0, NA
minionpar, 10, 022, 1.914327, 0.371327, 809598, 0, 1.543, 23599, 0, NA, 1, NA, 0, 0, 0, NA
minionpar, 10, 033, 1.9755090000000002, 0.391509, 531610, 0, 1.584, 29200, 0.000907, NA, 1, NA, 0, 0, 0, NA
minionpar, 04, 005, 0.13156800000000002, 0.000568, 6, 0, 0.131, 3, 0, NA, 1, NA, 0, 0.00035, 0, NA
minionpar, 08, 011, 0.7906430000000001, 0.108643, 14075, 0, 0.682, 568, 0, NA, 1, NA, 0, 0, 0, NA
minionpar, 06, 011, 0.341062, 0.028062, 241, 0, 0.313, 49, 0.000313, NA, 1, NA, 0, 0, 0, NA
minionpar, 08, 022, 0.930226, 0.123226, 7293, 0, 0.807, 574, 0, NA, 1, NA, 0, 0.00025, 0, NA
minionpar, 09, 011, 1.356091, 0.214091, 56526, 0, 1.142, 664, 0.000649, NA, 1, NA, 0, 6e-06, 0, NA
minionpar, 09, 028, 1.3349039999999999, 0.225904, 51496, 0, 1.109, 3146, 0, NA, 1, NA, 0, 0.001212, 0, NA
minionpar, 02, 000, 0.076363, 0.000363, 1, 0, 0.076, 1, 2.4e-05, NA, 1, NA, 0, 3.2e-05, 0, NA
minionpar, 09, 029, 1.284468, 0.213468, 37183, 0, 1.071, 2034, 0, NA, 1, NA, 0, 0.000534, 0, NA
minionpar, 10, 045, 1.19657, 0.00057, 1, 0, 1.196, 1, 2.8e-05, NA, 1, NA, 0, 3.1e-05, 0, NA
minionpar, 07, 006, 0.526651, 0.057651, 1595, 0, 0.469, 61, 0.00027, NA, 1, NA, 0, 0.000221, 0, NA
minionpar, 08, 006, 0.819751, 0.109751, 4831, 0, 0.71, 65, 0.000452, NA, 1, NA, 0, 0, 0, NA
minionpar, 08, 015, 0.808708, 0.112708, 18513, 0, 0.696, 1478, 0.000632, NA, 1, NA, 0, 0.000729, 0, NA
minionpar, 07, 011, 0.515113, 0.055113, 2875, 0, 0.46, 321, 0.000319, NA, 1, NA, 0, 0.000944, 0, NA
minionpar, 08, 020, 0.8293969999999999, 0.112397, 12628, 0, 0.717, 1173, 0.000425, NA, 1, NA, 0, 0.000178, 0, NA
minionpar, 08, 017, 0.852178, 0.110178, 17897, 0, 0.742, 1681, 0.000301, NA, 1, NA, 0, 0.000343, 0, NA
minionpar, 09, 010, 1.365211, 0.208211, 47113, 0, 1.157, 443, 0.000595, NA, 1, NA, 0, 0.000527, 0, NA
minionpar, 09, 013, 1.2262069999999998, 0.207207, 76567, 0, 1.019, 1416, 0.000267, NA, 1, NA, 0, 0.000155, 0, NA
minionpar, 10, 018, 1.972071, 0.383071, 591556, 0, 1.589, 8665, 0, NA, 1, NA, 0, 0.001008, 0, NA
minionpar, 04, 000, 0.125673, 0.000673, 1, 0, 0.125, 1, 4.5e-05, NA, 1, NA, 0, 4.5e-05, 0, NA
minionpar, 05, 008, 0.180919, 0.002919, 25, 0, 0.178, 9, 0, NA, 1, NA, 0, 0, 0, NA
minionpar, 08, 002, 0.590042, 0.002042, 20, 0, 0.588, 5, 9.3e-05, NA, 1, NA, 0, 0.000407, 0, NA
minionpar, 08, 000, 0.575, 0, 1, 0, 0.575, 1, 0, NA, 1, NA, 0, 0, 0, NA
minionpar, 07, 016, 0.500476, 0.056476, 1465, 0, 0.444, 165, 0.000237, NA, 1, NA, 0, 9.6e-05, 0, NA
minionpar, 09, 004, 1.304241, 0.082241, 211, 0, 1.222, 20, 0.000362, NA, 1, NA, 0, 0, 0, NA
minionpar, 08, 025, 0.806982, 0.062982, 373, 0, 0.744, 76, 0, NA, 1, NA, 0, 0.000596, 0, NA
minionpar, 09, 016, 1.265746, 0.203746, 105842, 0, 1.062, 3589, 0.000293, NA, 1, NA, 0, 0, 0, NA
minionpar, 08, 005, 0.9589489999999999, 0.109949, 1738, 0, 0.849, 36, 0.000355, NA, 1, NA, 0, 0, 0, NA
minionpar, 10, 029, 1.9559419999999998, 0.370942, 825166, 0, 1.585, 45814, 0.000437, NA, 1, NA, 0, 0.000245, 0, NA
minionpar, 07, 014, 0.529941, 0.055941, 2422, 0, 0.474, 308, 0.000251, NA, 1, NA, 0, 0, 0, NA
minionpar, 10, 020, 2.030351, 0.383351, 708845, 0, 1.647, 15012, 0.000799, NA, 1, NA, 0, 0.000331, 0, NA
minionpar, 08, 019, 0.802205, 0.109205, 14933, 0, 0.693, 1441, 0.000159, NA, 1, NA, 0, 0.000367, 0, NA
minionpar, 07, 005, 0.507096, 0.056096, 1070, 0, 0.451, 36, 0.000355, NA, 1, NA, 0, 0, 0, NA
minionpar, 08, 014, 0.788657, 0.107657, 18040, 0, 0.681, 1264, 0.000145, NA, 1, NA, 0, 0, 0, NA
minionpar, 10, 021, 2.0355980000000002, 0.435598, 762143, 0, 1.6, 19067, 0.000903, NA, 1, NA, 0, 0, 0, NA
minionpar, 07, 002, 0.389602, 0.001602, 20, 0, 0.388, 5, 0, NA, 1, NA, 0, 0.000369, 0, NA
minionpar, 10, 008, 1.951716, 0.384716, 90068, 0, 1.567, 185, 0.000837, NA, 1, NA, 0, 0.000829, 0, NA
minionpar, 06, 015, 0.256542, 0.000542, 1, 0, 0.256, 1, 2.5e-05, NA, 1, NA, 0, 2.8e-05, 0, NA
minionpar, 10, 001, 1.1107, 0.0007, 4, 0, 1.11, 2, 9.8e-05, NA, 1, NA, 0, 0.000224, 0, NA
minionpar, 10, 005, 2.7035970000000002, 0.220597, 481, 0, 2.483, 36, 0.000246, NA, 1, NA, 0, 0.000843, 0, NA
minionpar, 08, 023, 0.9073410000000001, 0.105341, 4427, 0, 0.802, 338, 0.00037, NA, 1, NA, 0, 0.000281, 0, NA
minionpar, 06, 002, 0.263503, 0.000503, 20, 0, 0.263, 5, 0, NA, 1, NA, 0, 0, 0, NA
minionpar, 08, 024, 0.8956280000000001, 0.087628, 1150, 0, 0.808, 174, 0.000259, NA, 1, NA, 0, 0, 0, NA
minionpar, 04, 004, 0.134495, 0.001495, 13, 0, 0.133, 5, 0, NA, 1, NA, 0, 0.00051, 0, NA
minionpar, 07, 004, 0.6262369999999999, 0.054237, 208, 0, 0.572, 20, 0.000367, NA, 1, NA, 0, 0.000317, 0, NA
minionpar, 03, 000, 0.083537, 0.000537, 1, 0, 0.083, 1, 2.4e-05, NA, 1, NA, 0, 2.4e-05, 0, NA
minionpar, 10, 002, 1.165606, 0.001606, 20, 0, 1.164, 5, 0, NA, 1, NA, 0, 0.000352, 0, NA
minionpar, 10, 026, 1.9188859999999999, 0.367886, 901100, 0, 1.551, 41767, 0.000779, NA, 1, NA, 0, 0.00057, 0, NA
minionpar, 06, 001, 0.254912, 0.000912, 4, 0, 0.254, 2, 0.000215, NA, 1, NA, 0, 4e-06, 0, NA
minionpar, 07, 008, 0.507315, 0.055315, 2288, 0, 0.452, 148, 0.000284, NA, 1, NA, 0, 0.000175, 0, NA
minionpar, 07, 021, 0.401, 0, 1, 0, 0.401, 1, 0, NA, 1, NA, 0, 0, 0, NA
minionpar, 09, 023, 1.199559, 0.200559, 116044, 0, 0.999, 8457, 0.000352, NA, 1, NA, 0, 0, 0, NA
minionpar, 06, 006, 0.494984, 0.024984, 434, 0, 0.47, 51, 0.000217, NA, 1, NA, 0, 0, 0, NA
minionpar, 10, 023, 1.908466, 0.366466, 849005, 0, 1.542, 28426, 0, NA, 1, NA, 0, 0.001368, 0, NA
minionpar, 10, 014, 1.877643, 0.381643, 350974, 0, 1.496, 2305, 0.000751, NA, 1, NA, 0, 0.000947, 0, NA
minionpar, 10, 006, 2.751632, 0.375632, 17047, 0, 2.376, 65, 0.000733, NA, 1, NA, 0, 0.000174, 0, NA
minionpar, 07, 012, 0.5050290000000001, 0.053029, 2863, 0, 0.452, 351, 0, NA, 1, NA, 0, 0, 0, NA
minionpar, 10, 028, 2.002778, 0.415778, 866108, 0, 1.587, 46031, 0.000778, NA, 1, NA, 0, 9.7e-05, 0, NA
minionpar, 10, 012, 1.99841, 0.39641, 247828, 0, 1.602, 1077, 0.000698, NA, 1, NA, 0, 0.000699, 0, NA
minionpar, 08, 013, 1.067844, 0.118844, 17059, 0, 0.949, 1019, 0, NA, 1, NA, 0, 0, 0, NA
minionpar, 09, 012, 1.3447069999999999, 0.204707, 66271, 0, 1.14, 985, 0.000532, NA, 1, NA, 0, 0.000266, 0, NA
minionpar, 07, 013, 0.520678, 0.056678, 2723, 0, 0.464, 347, 0.000294, NA, 1, NA, 0, 0.000189, 0, NA
minionpar, 10, 000, 1.195532, 0.000532, 1, 0, 1.195, 1, 2.1e-05, NA, 1, NA, 0, 2.1e-05, 0, NA
minionpar, 07, 009, 0.490335, 0.055335, 2561, 0, 0.435, 208, 0.000426, NA, 1, NA, 0, 0, 0, NA
minionpar, 03, 002, 0.089877, 0.000877, 4, 0, 0.089, 2, 0.0001, NA, 1, NA, 0, 0.000225, 0, NA
minionpar, 06, 007, 0.32362399999999997, 0.023624, 471, 0, 0.3, 67, 0, NA, 1, NA, 0, 0, 0, NA
minionpar, 06, 000, 0.253552, 0.000552, 1, 0, 0.253, 1, 2.2e-05, NA, 1, NA, 0, 2.6e-05, 0, NA
minionpar, 10, 011, 2.0017, 0.3817, 202183, 0, 1.62, 714, 0.000785, NA, 1, NA, 0, 0.001165, 0, NA
minionpar, 10, 024, 2.062424, 0.462424, 878496, 0, 1.6, 33300, 1e-05, NA, 1, NA, 0, 0.000266, 0, NA
